1,Bryant Rosillo,bryant@yahoo.com,19/09/2022 14:00,$2y$10$ljFzO.nDHbsI4yYwg0pIa.HlIggVIVVu1NnQTy3cA.AwHNru8.v7C,Student,mDnFIfPAbC6UhGlgZ6pI350x06J8Rv3SiG9l8lQC99ZpLdQsUsXF33EcoGbJ,19/09/2022 13:58,19/09/2022 14:00
2,Joseph Bacsarsa,joseph@yahoo.com,19/09/2022 14:00,$2y$10$ljFzO.nDHbsI4yYwg0pIa.HlIggVIVVu1NnQTy3cA.AwHNru8.v7C,Student,mDnFIfPAbC6UhGlgZ6pI350x06J8Rv3SiG9l8lQC99ZpLdQsUsXF33EcoGbJ,19/09/2022 13:58,19/09/2022 14:00
3,Gio Kuan,gio@yahoo.com,19/09/2022 14:00,$2y$10$ljFzO.nDHbsI4yYwg0pIa.HlIggVIVVu1NnQTy3cA.AwHNru8.v7C,Student,mDnFIfPAbC6UhGlgZ6pI350x06J8Rv3SiG9l8lQC99ZpLdQsUsXF33EcoGbJ,19/09/2022 13:58,19/09/2022 14:00
4,June Rey Palabrica,June@yahoo.com,19/09/2022 14:00,$2y$10$ljFzO.nDHbsI4yYwg0pIa.HlIggVIVVu1NnQTy3cA.AwHNru8.v7C,Student,mDnFIfPAbC6UhGlgZ6pI350x06J8Rv3SiG9l8lQC99ZpLdQsUsXF33EcoGbJ,19/09/2022 13:58,19/09/2022 14:00
5,Timothy John Recio,timothy@yahoo.com,19/09/2022 14:00,$2y$10$ljFzO.nDHbsI4yYwg0pIa.HlIggVIVVu1NnQTy3cA.AwHNru8.v7C,Student,mDnFIfPAbC6UhGlgZ6pI350x06J8Rv3SiG9l8lQC99ZpLdQsUsXF33EcoGbJ,19/09/2022 13:58,19/09/2022 14:00
6,Nica Tejada,nica@yahoo.com,19/09/2022 14:00,$2y$10$ljFzO.nDHbsI4yYwg0pIa.HlIggVIVVu1NnQTy3cA.AwHNru8.v7C,Student,mDnFIfPAbC6UhGlgZ6pI350x06J8Rv3SiG9l8lQC99ZpLdQsUsXF33EcoGbJ,19/09/2022 13:58,19/09/2022 14:00
7,Pau Nicolae,pau@yahoo.com,19/09/2022 14:00,$2y$10$ljFzO.nDHbsI4yYwg0pIa.HlIggVIVVu1NnQTy3cA.AwHNru8.v7C,Student,mDnFIfPAbC6UhGlgZ6pI350x06J8Rv3SiG9l8lQC99ZpLdQsUsXF33EcoGbJ,19/09/2022 13:58,19/09/2022 14:00
8,Ivan Belarmino,ivan@yahoo.com,19/09/2022 14:00,$2y$10$ljFzO.nDHbsI4yYwg0pIa.HlIggVIVVu1NnQTy3cA.AwHNru8.v7C,Student,mDnFIfPAbC6UhGlgZ6pI350x06J8Rv3SiG9l8lQC99ZpLdQsUsXF33EcoGbJ,19/09/2022 13:58,19/09/2022 14:00
9,Raul Villanueva,raul@yahoo.com,19/09/2022 14:00,$2y$10$ljFzO.nDHbsI4yYwg0pIa.HlIggVIVVu1NnQTy3cA.AwHNru8.v7C,Student,mDnFIfPAbC6UhGlgZ6pI350x06J8Rv3SiG9l8lQC99ZpLdQsUsXF33EcoGbJ,19/09/2022 13:58,19/09/2022 14:00
10,Joel Hayag,joel@yahoo.com,19/09/2022 14:00,$2y$10$ljFzO.nDHbsI4yYwg0pIa.HlIggVIVVu1NnQTy3cA.AwHNru8.v7C,Student,mDnFIfPAbC6UhGlgZ6pI350x06J8Rv3SiG9l8lQC99ZpLdQsUsXF33EcoGbJ,19/09/2022 13:58,19/09/2022 14:00
11,Bob Kyle Garcia,bob@yahoo.com,19/09/2022 14:00,$2y$10$ljFzO.nDHbsI4yYwg0pIa.HlIggVIVVu1NnQTy3cA.AwHNru8.v7C,Student,mDnFIfPAbC6UhGlgZ6pI350x06J8Rv3SiG9l8lQC99ZpLdQsUsXF33EcoGbJ,19/09/2022 13:58,19/09/2022 14:00
12,Vic Plaza,vic@yahoo.com,19/09/2022 14:00,$2y$10$ljFzO.nDHbsI4yYwg0pIa.HlIggVIVVu1NnQTy3cA.AwHNru8.v7C,Student,mDnFIfPAbC6UhGlgZ6pI350x06J8Rv3SiG9l8lQC99ZpLdQsUsXF33EcoGbJ,19/09/2022 13:58,19/09/2022 14:00
13,Daniel John Buco,daniel@yahoo.com,19/09/2022 14:00,$2y$10$ljFzO.nDHbsI4yYwg0pIa.HlIggVIVVu1NnQTy3cA.AwHNru8.v7C,Student,mDnFIfPAbC6UhGlgZ6pI350x06J8Rv3SiG9l8lQC99ZpLdQsUsXF33EcoGbJ,19/09/2022 13:58,19/09/2022 14:00
14,Celestine Pablo,celestine@yahoo.com,19/09/2022 14:00,$2y$10$ljFzO.nDHbsI4yYwg0pIa.HlIggVIVVu1NnQTy3cA.AwHNru8.v7C,Student,mDnFIfPAbC6UhGlgZ6pI350x06J8Rv3SiG9l8lQC99ZpLdQsUsXF33EcoGbJ,19/09/2022 13:58,19/09/2022 14:00
15,Edson Rico,edson@yahoo.com,19/09/2022 14:00,$2y$10$ljFzO.nDHbsI4yYwg0pIa.HlIggVIVVu1NnQTy3cA.AwHNru8.v7C,Student,mDnFIfPAbC6UhGlgZ6pI350x06J8Rv3SiG9l8lQC99ZpLdQsUsXF33EcoGbJ,19/09/2022 13:58,19/09/2022 14:00
16,Jan Rafael Guno,jan@yahoo.com,19/09/2022 14:00,$2y$10$ljFzO.nDHbsI4yYwg0pIa.HlIggVIVVu1NnQTy3cA.AwHNru8.v7C,Student,mDnFIfPAbC6UhGlgZ6pI350x06J8Rv3SiG9l8lQC99ZpLdQsUsXF33EcoGbJ,19/09/2022 13:58,19/09/2022 14:00
17,Arjey Bracero,arjey@yahoo.com,19/09/2022 14:00,$2y$10$ljFzO.nDHbsI4yYwg0pIa.HlIggVIVVu1NnQTy3cA.AwHNru8.v7C,Student,mDnFIfPAbC6UhGlgZ6pI350x06J8Rv3SiG9l8lQC99ZpLdQsUsXF33EcoGbJ,19/09/2022 13:58,19/09/2022 14:00
18,Joshua de Vera,joshua@yahoo.com,19/09/2022 14:00,$2y$10$ljFzO.nDHbsI4yYwg0pIa.HlIggVIVVu1NnQTy3cA.AwHNru8.v7C,Student,mDnFIfPAbC6UhGlgZ6pI350x06J8Rv3SiG9l8lQC99ZpLdQsUsXF33EcoGbJ,19/09/2022 13:58,19/09/2022 14:00
19,Kevin Sef Wines,kevin@yahoo.com,19/09/2022 14:00,$2y$10$ljFzO.nDHbsI4yYwg0pIa.HlIggVIVVu1NnQTy3cA.AwHNru8.v7C,Student,mDnFIfPAbC6UhGlgZ6pI350x06J8Rv3SiG9l8lQC99ZpLdQsUsXF33EcoGbJ,19/09/2022 13:58,19/09/2022 14:00
20,Michael Pabaya,michael@yahoo.com,19/09/2022 14:00,$2y$10$ljFzO.nDHbsI4yYwg0pIa.HlIggVIVVu1NnQTy3cA.AwHNru8.v7C,Student,mDnFIfPAbC6UhGlgZ6pI350x06J8Rv3SiG9l8lQC99ZpLdQsUsXF33EcoGbJ,19/09/2022 13:58,19/09/2022 14:00
21,Bryl Lim,bryl@yahoo.com,19/09/2022 14:00,$2y$10$ljFzO.nDHbsI4yYwg0pIa.HlIggVIVVu1NnQTy3cA.AwHNru8.v7C,Teacher,mDnFIfPAbC6UhGlgZ6pI350x06J8Rv3SiG9l8lQC99ZpLdQsUsXF33EcoGbJ,19/09/2022 13:58,19/09/2022 14:00
22,Alyssa Yusay,alyssa@yahoo.com,19/09/2022 14:00,$2y$10$ljFzO.nDHbsI4yYwg0pIa.HlIggVIVVu1NnQTy3cA.AwHNru8.v7C,Teacher,mDnFIfPAbC6UhGlgZ6pI350x06J8Rv3SiG9l8lQC99ZpLdQsUsXF33EcoGbJ,19/09/2022 13:58,19/09/2022 14:00
23,Andrew Idanol,andrew@yahoo.com,19/09/2022 14:00,$2y$10$ljFzO.nDHbsI4yYwg0pIa.HlIggVIVVu1NnQTy3cA.AwHNru8.v7C,Teacher,mDnFIfPAbC6UhGlgZ6pI350x06J8Rv3SiG9l8lQC99ZpLdQsUsXF33EcoGbJ,19/09/2022 13:58,19/09/2022 14:00
